Last Name,First Name,VIAF,Wikipedia Entry,"Born/
Established",Died,Works in HTRC?,Pos.(s) in Chronogram,,
Aalto,Alvar,,https://en.wikipedia.org/wiki/Alvar_Aalto,2/3/1898,5/11/1976,Yes,"1926, 1932,
1960",,
Adams,R.,,,,,No,1993,,
Alberts,Anton,,https://en.wikipedia.org/wiki/Anton_Alberts_(architect),7/6/1927,8/16/1999,No,1980,,
Albini,Franco,,https://en.wikipedia.org/wiki/Franco_Albini,10/17/1905,11/1/1977,No,1959,,7
Alexander,Christopher,,https://en.wikipedia.org/wiki/Christopher_Alexander,10/4/1936,3/17/2022,Yes,1980,,
Alsop,William,,https://en.wikipedia.org/wiki/Will_Alsop,12/12/1947,5/12/2018,No,1996,,
Ando,Tadao,,https://en.wikipedia.org/wiki/Tadao_Ando,9/13/1941,,Yes,1984,,
Andreu,Paul,,https://en.wikipedia.org/wiki/Paul_Andreu,7/10/1938,10/11/2018,Yes,1997,,
Arad,Ron,,https://en.wikipedia.org/wiki/Ron_Arad_(industrial_designer),4/24/1951,,Yes,1999,,
ARAU,,,,,,No,1976,,
ARM,,,https://armarchitecture.com.au/about/ https://en.wikipedia.org/wiki/ARM_Architecture_(company),1988,,No,1992,,
Arquitectonica,,,https://arquitectonica.com/ https://en.wikipedia.org/wiki/Arquitectonica,1977,,No,"1980, 1987",,
Arups,,,https://en.wikipedia.org/wiki/Arup_Group,1946,,No,"1960, 1975",,
Ashbee,Charles Robert,,https://en.wikipedia.org/wiki/Charles_Robert_Ashbee,5/17/1863,5/23/1942,No,1908,,
Asplund,Gunnar,,https://en.wikipedia.org/wiki/Gunnar_Asplund,9/22/1885,10/20/1940,No,1913,,
Aulenti,Gae,,https://en.wikipedia.org/wiki/Gae_Aulenti,12/4/1927,10/31/2012,No,1960,,
Bacon,Henry,,https://en.wikipedia.org/wiki/Henry_Bacon,11/28/1866,2/16/2024,Yes,1916,,
Badran,Rasem,,https://en.wikipedia.org/wiki/Rasem_Badran,1945,,No,1989,,
Bakema,Jaap,,https://en.wikipedia.org/wiki/Jaap_Bakema,3/8/1914,2/20/1981,No,1955,,
Baker,Herbert,,https://en.wikipedia.org/wiki/Herbert_Baker,6/9/1862,2/4/1946,Yes,1913,,
Balmond ,Cecil,,https://en.wikipedia.org/wiki/Cecil_Balmond,,,No,1997,,
Banham,Reyner,,https://en.wikipedia.org/wiki/Reyner_Banham,3/2/1922,3/19/1988,Yes,1978,,
Bartning,Otto,,https://en.wikipedia.org/wiki/Otto_Bartning,04/12/1883,02/20/1959,Yes,1925,,
Beeby,Thomas,,https://en.wikipedia.org/wiki/Thomas_H._Beeby,1941,,No,1985,,
Behnisch,Gunter,,https://en.wikipedia.org/wiki/G%C3%BCnter_Behnisch,6/12/1922,7/12/2010,No,"1982, 1995",,
Behrens,Peter,,https://en.wikipedia.org/wiki/Peter_Behrens,4/14/1868,2/27/1940,No,1907,,
Bel Geddes,Norman,,https://en.wikipedia.org/wiki/Norman_Bel_Geddes,4/27/1893,5/8/1958,Yes,1937,,
Belcher,John,,https://en.wikipedia.org/wiki/John_Belcher_(architect),7/10/1841,11/8/1913,Yes,1899,,
Belluschi,Pietro,,https://en.wikipedia.org/wiki/Pietro_Belluschi,8/18/1899,2/14/1994,Yes,1958,,
Benson,Gordon,,https://en.wikipedia.org/wiki/Benson_%26_Forsyth,10/5/1944,,No,1998,,
Berg,Max,,https://en.wikipedia.org/wiki/Max_Berg,4/17/1870,1/22/1947,No,1918,,
Berlage,Hendrik Petrus,,https://en.wikipedia.org/wiki/H._P._Berlage,2/21/1856,9/12/1934,No,1898,,
Bicknell,Julian,,https://en.wikipedia.org/wiki/Julian_Bicknell,2/23/1945,,No,1991,,
Blomfiled,Reginald,,https://en.wikipedia.org/wiki/Reginald_Blomfield,12/20/1856,12/27/1942,No,1910,,
Bofill,Ricardo,,https://en.wikipedia.org/wiki/Ricardo_Bofill,12/5/1939,1/14/2022,Yes,1982,,
Bohm,Dominikus,,https://en.wikipedia.org/wiki/Dominikus_B%C3%B6hm,10/23/1880,08/06/1955,No,1929,,
Böhm,Gottfried,,https://en.wikipedia.org/wiki/Gottfried_B%C3%B6hm,1/23/1920,6/9/2021,No,1968,,
Bolles+Wilson,,,https://bolles-wilson.com/,1980,,No,1997,,
Bonatz,Paul,,https://en.wikipedia.org/wiki/Paul_Bonatz,12/6/1877,12/20/1956,No,1910,,
Botta,Mario,,https://en.wikipedia.org/wiki/Mario_Botta,4/1/1943,,Yes,1988,,
Bournville,,,,,,No,1902,,
Breuer,Marcel,,https://en.wikipedia.org/wiki/Marcel_Breuer,5/21/1902,7/1/1981,Yes,1953,,
BROOKES,,,https://www.brookesarchitects.co.uk/,,,No,2002,,
Brydon,J.M.,,https://en.wikipedia.org/wiki/J._M._Brydon,1840,5/25/1901,No,1910,,
Burnet,John,,https://en.wikipedia.org/wiki/John_Burnet_(architect),9/27/1814,1/15/1901,,,,
Burnet,John James,,https://en.wikipedia.org/wiki/John_James_Burnet,5/31/1857,7/2/1938,No,1902,,
Burnham,Daniel,,https://en.wikipedia.org/wiki/Daniel_Burnham,9/4/1846,6/1/1912,Yes,1898,,
Byker,,,,,,No,1977,,
Calatrava,Santiago,,https://en.wikipedia.org/wiki/Santiago_Calatrava,7/28/1951,,Yes,1980,,
Chareau,Pierre,,https://en.wikipedia.org/wiki/Pierre_Chareau,8/4/1883,8/24/1950,No,1930,,
Chiattone,Mario,,https://www.encyclopedia.com/education/dictionaries-thesauruses-pictures-and-press-releases/chiattone-mario,1891,1957,No,1915,,
Ciriani,Henri,,https://en.wikipedia.org/wiki/Henri_Ciriani,12/30/1936,,No,1999,,
Clubs,,,,,,No,1996,,
Coates,Nigel,,https://en.wikipedia.org/wiki/Nigel_Coates_(architect),1949,,No,1997,,
Correa,Charles,,https://en.wikipedia.org/wiki/Charles_Correa,9/1/1930,6/16/2015,Yes,1989,,
Costa,Lúcio,,https://en.wikipedia.org/wiki/L%C3%BAcio_Costa,2/27/1902,6/13/1998,No,1954,,
Cret,Paul Philippe,,https://en.wikipedia.org/wiki/Paul_Philippe_Cret,10/23/1876,9/8/1945,No,1928,,
Cumbernauld,,,,,,No,1965,,
Czech Cubists,,,https://en.wikipedia.org/wiki/Czech_Cubism,1912-1914,,No,1911,,
Darmstadt Mathildenhohe,,,https://whc.unesco.org/en/list/1614/,1899,,No,1907,,
de Baudot,Anatole,,https://en.wikipedia.org/wiki/Anatole_de_Baudot,10/14/1834,2/28/1915,No,1902,,
De Carlo,Giancarlo,,https://en.wikipedia.org/wiki/Giancarlo_De_Carlo,12/12/1919,6/4/2005,Yes,1965,,
de Finetti,Giuseppe,,https://it.wikipedia.org/wiki/Giuseppe_de_Finetti,3/5/1892,1/19/1952,No,1939,,
de Klerk,Michel,,https://en.wikipedia.org/wiki/Michel_de_Klerk,11/24/1884,11/24/1923,No,"1914, 1921",,
Derrida,Jacques,,https://en.wikipedia.org/wiki/Jacques_Derrida,7/15/1930,10/9/2004,Yes,1988,,
Dixon,Jeremy,,https://en.wikipedia.org/wiki/Jeremy_Dixon,5/31/1939,,No,1998,,
Dolce Vita,,,,,,No,1968,,
Domenech,Lluis,,https://en.wikipedia.org/wiki/Llu%C3%ADs_Dom%C3%A8nech_i_Montaner,12/21/1850,12/27/1923,No,1898,,
Domenig,Gunther,,https://en.wikipedia.org/wiki/G%C3%BCnther_Domenig,7/6/1934,6/15/2012,No,1990,,
Dominioni,Luigi Caccia,,https://en.wikipedia.org/wiki/Luigi_Caccia_Dominioni,12/7/1913,11/13/2016,No,1959,,
Doxiadis,Constantinos Apostolou,,https://en.wikipedia.org/wiki/Constantinos_Apostolou_Doxiadis,5/14/1913,6/28/1975,No,1962,,
Dudok,Willem Marinus,,https://en.wikipedia.org/wiki/Willem_Marinus_Dudok,7/6/1884,4/6/1974,No,1922,,
Duiker,Jan,,https://en.wikipedia.org/wiki/Jan_Duiker,3/1/1890,2/23/1935,No,1929,,
Eames,Charles and Ray,,https://en.wikipedia.org/wiki/Charles_and_Ray_Eames,,,No,"1956, 1957",,
Eiermann,Egon,,https://en.wikipedia.org/wiki/Egon_Eiermann,9/29/1904,7/19/1970,No,1961,,
Eisenmann,Peter,,https://en.wikipedia.org/wiki/Peter_Eisenman,8/11/1932,,No,"1970, 1987",,
El-Wakil,Abdel-Wahad,,https://en.wikipedia.org/wiki/Abdel-Wahed_El-Wakil,8/7/1943,,No,1985,,
Endell,August,,https://en.wikipedia.org/wiki/August_Endell,4/12/1871,4/13/1925,No,1899,,
Erith,Raymond,,https://en.wikipedia.org/wiki/Raymond_Erith,8/7/1904,11/30/1973,No,1948,,
Erskine,Ralph,,https://en.wikipedia.org/wiki/Ralph_Erskine_(architect),2/24/1914,3/16/2005,No,"1956, 1971",,
Evans,,,,,,No,1999,,
Farrell,Terry,,https://en.wikipedia.org/wiki/Terry_Farrell_(architect),5/12/1938,,Yes,1990,,
Fathy,Hassan,,https://en.wikipedia.org/wiki/Hassan_Fathy,3/23/1900,11/30/1989,Yes,1979,,
Ferris,Hugh,,https://en.wikipedia.org/wiki/Hugh_Ferriss,7/12/1889,1/28/1962,No,1926,,
Finsterlin,Hermann,,https://en.wikipedia.org/wiki/Hermann_Finsterlin,08/18/1887,09/16/1973,No,1924,,
Fischer,Alfred,,https://en.wikipedia.org/wiki/Alfred_Fischer_(architect),8/29/1881,4/10/1950,No,1909,,
Fisher,Mark,,https://en.wikipedia.org/wiki/Mark_Fisher_(architect),4/20/1947,6/25/2013,No,1997,,
FOA,,,https://en.wikipedia.org/wiki/Foreign_Office_Architects,1993,,No,2002,,
Foster,Norman,,"https://en.wikipedia.org/wiki/Norman_Foster,_Baron_Foster_of_Thames_Bank",6/1/1935,,Yes,"1971, 1998",,
Frampton,Kenneth,,https://en.wikipedia.org/wiki/Kenneth_Frampton,11/20/1930,,Yes,1985,,
Freyssinet,Eugène,,https://en.wikipedia.org/wiki/Eug%C3%A8ne_Freyssinet,6/13/1879,6/8/1962,No,1925,,
Friedman,Yona,,https://en.wikipedia.org/wiki/Yona_Friedman,6/5/1923,2/20/2020,No,1960,,
Fromin,,,,,,No,1944,,
Fuksas,Massimiliano,,https://en.wikipedia.org/wiki/Massimiliano_Fuksas,1/9/1944,,Yes,1993,,
Fuller,Buckminster,,https://en.wikipedia.org/wiki/Buckminster_Fuller,7/12/1895,7/1/1983,Yes,"1929, 1958",,
Gardella,Ignazio,,https://en.wikipedia.org/wiki/Ignazio_Gardella,3/30/1905,3/16/1999,No,1955,,
Garnier,Charles,,https://en.wikipedia.org/wiki/Charles_Garnier_(architect),11/6/1825,9/3/1898,No,"1902, 1903",,
Gaudi,Antoni,,https://en.wikipedia.org/wiki/Antoni_Gaud%C3%AD,6/25/1852,6/10/1926,No,1902,,
Gehry,Frank,,https://en.wikipedia.org/wiki/Frank_Gehry,2/28/1929,,Yes,"1980, 1982, 1992",,
Gibberd,Frederick,,https://en.wikipedia.org/wiki/Frederick_Gibberd,1/7/1908,1/9/1984,Yes,1963,,
Giedion,Sigfried,,https://en.wikipedia.org/wiki/Sigfried_Giedion,4/14/1888,4/10/1968,No,1930,,
Gilbert,Cass,,https://en.wikipedia.org/wiki/Cass_Gilbert,11/24/1859,5/17/1934,Yes,1918,,
Gill,Irving`,,https://en.wikipedia.org/wiki/Irving_Gill,4/26/1870,10/7/1936,No,1919,,
Ginzburg,Moisei,,https://en.wikipedia.org/wiki/Moisei_Ginzburg,06/04/1892,01/07/1946,No,"1927, 29",,
Gocar,Josef,,https://en.wikipedia.org/wiki/Josef_Go%C4%8D%C3%A1r,3/13/1880,9/10/1945,No,1903,,
Goff,Bruce,,https://en.wikipedia.org/wiki/Bruce_Goff,6/8/1904,8/4/1982,Yes,1956,,
Gough,Piers,,https://en.wikipedia.org/wiki/Piers_Gough,4/24/1946,,No,1979,,
Graves,Michael ,,https://en.wikipedia.org/wiki/Michael_Graves,7/9/1934,3/12/2015,Yes,1976,,
Greene,Charles Sumner,,https://en.wikipedia.org/wiki/Greene_and_Greene,1868,1957,Yes,1908,,
Greene,Henry Mather,,https://en.wikipedia.org/wiki/Greene_and_Greene,1/23/1870,10/2/1954,Yes,1908,,
Greene,Herb,,https://en.wikipedia.org/wiki/Herb_Greene_(architect),1929,,Yes,1962,,
Grimshaw,Nicholas,,https://en.wikipedia.org/wiki/Nicholas_Grimshaw,10/9/1939,,Yes,"1977, 1994",,
Gropius,Walter,,https://en.wikipedia.org/wiki/Walter_Gropius,5/18/1883,7/5/1969,Yes,1927,,
Guimard,Hector,,https://en.wikipedia.org/wiki/Hector_Guimard,3/10/1867,5/20/1942,No,1898,,
Gwathmey,Charles,,https://en.wikipedia.org/wiki/Charles_Gwathmey,6/19/1938,8/3/2009,Yes,1975,,
Habraken,John,,https://en.wikipedia.org/wiki/N._John_Habraken,10/29/1928,10/21/2023,No,1968,,
Hadid,Zaha,,https://en.wikipedia.org/wiki/Zaha_Hadid,10/31/1950,3/31/2016,Yes,1990,,
Hampstead,,,,,,No,1912,,
Hara,Hiroshi,,https://en.wikipedia.org/wiki/Hiroshi_Hara_(architect),9/9/1936,,Yes,1996,,
Haring,Hugo,,https://en.wikipedia.org/wiki/Hugo_H%C3%A4ring,05/11/1882,05/17/1958,No,1922,,
Harris,Harwell Hamilton,,https://en.wikipedia.org/wiki/Harwell_Hamilton_Harris,7/2/1903,11/18/1990,No,1941,,
Harrison,Wallace,,https://en.wikipedia.org/wiki/Wallace_Harrison,09/28/1895,12/02/1981,No,1961,,
Hasegawa,Itsuko,,https://en.wikipedia.org/wiki/Itsuko_Hasegawa,1941,,Yes,"1980, 2002",,
Hausermann,Pascal,,https://architectuul.com/architect/pascal-hausermann,1936,,No,1960,,
Hauszinsteur,,,,,,No,,,
Hecker,Ziv,,https://en.wikipedia.org/wiki/Zvi_Hecker,5/31/1931,9/24/2023,No,1989,,
Hejduk,John,,https://en.wikipedia.org/wiki/John_Hejduk,7/19/1929,7/3/2000,Yes,1970,,
Hellerau,,,,,,No,1912,,
Hertzberger,Herman,,https://en.wikipedia.org/wiki/Herman_Hertzberger,7/6/1932,,No,1968,,
Herzog,Jacques,,https://en.wikipedia.org/wiki/Jacques_Herzog,4/19/1950,,No,2002,,
Hilberseimer,Ludwig,,https://en.wikipedia.org/wiki/Ludwig_Hilberseimer,9/14/1885,5/6/1967,Yes,1931,,
Hoffman,Josef,,https://en.wikipedia.org/wiki/Josef_Hoffmann,12/15/1870,5/7/1956,No,1904,,
Holden,Charles,,https://en.wikipedia.org/wiki/Charles_Holden,5/12/1875,5/1/1960,No,1916,,
Holl,Steven,,https://en.wikipedia.org/wiki/Steven_Holl,12/9/1947,,Yes,1999,,
Hollein,Hans,,https://en.wikipedia.org/wiki/Hans_Hollein,3/30/1934,4/24/2014,Yes,1977,,
Hood,Raymond,,https://en.wikipedia.org/wiki/Raymond_Hood,3/29/1881,8/14/1934,Yes,1925,,
Hopkins,Michael ,,https://en.wikipedia.org/wiki/Michael_Hopkins_(architect),5/7/1935,6/17/2023,No,"1979, 1985",,
Horta,Victor,,https://en.wikipedia.org/wiki/Victor_Horta,1/6/1861,9/8/1947,No,1902,,
Howard,Ebenezer,,https://en.wikipedia.org/wiki/Ebenezer_Howard,1/29/1850,5/1/1928,No,1903,,
Hundertwasser,Friedensreich,,https://en.wikipedia.org/wiki/Friedensreich_Hundertwasser,12/15/1928,2/19/2000,Yes,1976,,
Ishii,Kazuhiro,,n/a,2/1/1944,1/14/2015,No,1978,,
Isozaki,Arata,,https://en.wikipedia.org/wiki/Arata_Isozaki,7/23/1931,12/28/2022,Yes,1973,,
Jacobs,Jane,,https://en.wikipedia.org/wiki/Jane_Jacobs,5/4/1916,4/25/2006,No,1961,,
Jacobs,Robert Allan,,https://en.wikipedia.org/wiki/Robert_Allan_Jacobs,9/16/1905,11/4/1993,Yes,1961,,
Jencks,Charles,,https://en.wikipedia.org/wiki/Charles_Jencks,6/21/1939,10/13/2019,Yes,1973,,
Jensen-Klint,Peder Vilhelm,,https://en.wikipedia.org/wiki/Peder_Vilhelm_Jensen-Klint,06/21/1853,12/01/1930,No,1910,,
Jerde,Jon,,https://en.wikipedia.org/wiki/Jon_Jerde,1/22/1940,2/9/2015,No,1979,,
Jiricna,Eva,,https://en.wikipedia.org/wiki/Eva_Ji%C5%99i%C4%8Dn%C3%A1,3/3/1939,,No,1993,,
Johansen,John M.,,https://en.wikipedia.org/wiki/John_M._Johansen,6/29/1916,10/26/2012,No,1960,,
Johansen,John M.,,https://en.wikipedia.org/wiki/John_M._Johansen,6/29/1916,10/26/2012,No,1961,,
Johnson,Philip,,https://en.wikipedia.org/wiki/Philip_Johnson,7/8/1906,1/25/2005,Yes,"1952, 1976",,
Jones,Edward,,https://en.wikipedia.org/wiki/Edward_Jones_(English_architect),10/20/1939,,No,1995,,
Jourdain,Frantz,,https://en.wikipedia.org/wiki/Frantz_Jourdain,10/3/1847,8/22/1935,No,1905,,
Kahn,Louis,,https://en.wikipedia.org/wiki/Louis_Kahn,3/5/1901,3/17/1974,Yes,1966,,
Kallman,Gerhard,,https://en.wikipedia.org/wiki/Gerhard_Kallmann,2/13/1915,6/19/2012,No,1977,,
Karmi,Ram,,https://en.wikipedia.org/wiki/Ram_Karmi,1931,4/11/2013,No,1993,,
Kiesler,Frederick John,,https://en.wikipedia.org/wiki/Frederick_John_Kiesler,9/22/1890,12/27/1965,Yes,"1938, 1959",,
Kikutake,Kiyonori,,https://en.wikipedia.org/wiki/Kiyonori_Kikutake,4/1/1928,12/26/2011,No,1968,,
Kipnis,Jeff,,https://en.wikipedia.org/wiki/Jeff_Kipnis,1951,,No,2001,,
Kitagawara,Atsushi,,https://en.wikipedia.org/wiki/Atsushi_Kitagawara,1951,,No,1996,,
Klint,Kaare,,https://en.wikipedia.org/wiki/Kaare_Klint,12/15/1888,3/23/1954,,1922,,
Klotz,Clemens,,https://en.wikipedia.org/wiki/Clemens_Klotz,5/31/1886,5/22/1905,No,1938,,
Koch,Carl,,https://en.wikipedia.org/wiki/Carl_Koch_(architect),5/11/1912,7/3/1998,Yes,1959,,
Koenig,Pierre,,https://en.wikipedia.org/wiki/Pierre_Koenig,10/17/1925,4/4/2004,No,1962,,
Koolhaas,Rem,,https://en.wikipedia.org/wiki/Rem_Koolhaas,11/17/1944,,Yes,1986,,
Kotera,Jan,,https://en.wikipedia.org/wiki/Jan_Kot%C4%9Bra,12/18/1871,4/17/1923,No,1899,,
KPF,,,https://en.wikipedia.org/wiki/Kohn_Pedersen_Fox,1976,,No,1985,,
Kramer,Piet,,https://en.wikipedia.org/wiki/Piet_Kramer,7/1/1881,2/4/1961,No,1917,,
Kreis,Wilhelm,,https://en.wikipedia.org/wiki/Wilhelm_Kreis,3/17/1873,8/13/1955,No,1940,,
Krier,Leon,,https://en.wikipedia.org/wiki/L%C3%A9on_Krier,4/7/1946,,Yes,1980,,
Krier,Rob,,https://en.wikipedia.org/wiki/Rob_Krier,6/10/1938,11/1/2023,Yes,1994,,
Kroll,Lucien,,https://en.wikipedia.org/wiki/Lucien_Kroll,3/13/1927,8/1/2022,Yes,1970,,
Kurokawa,Kisho,,https://en.wikipedia.org/wiki/Kisho_Kurokawa,4/8/1934,10/12/2007,Yes,"1962, 1977, 1992",,
La Tendenza,,,https://www.studiointernational.com/la-tendenza-italian-architecture-1965-1985,,,No,1977,,
Lanchester,Henry Vaughan,,https://en.wikipedia.org/wiki/H._V._Lanchester,8/9/1863,1/16/1953,No,1900,,
Le Corbusier,,,https://en.wikipedia.org/wiki/Le_Corbusier,10/06/1887,8/27/1965,Yes,"1920, 1927, 1950, 1965",,
Le Ricolais,Robert,,https://en.wikipedia.org/wiki/Robert_Le_Ricolais,10/30/1894,6/4/1977,No,1924,,
Lechner,Odon,,"https://en.wikipedia.org/wiki/%C3%96d%C3%B6n_Lechner#:~:text=In%20the%20early%201900s%2C%20he,his%20search%20for%20larger%20commissions.",8/27/1845,6/10/1914,No,1900,,
Legoretta,Ricardo,,https://en.wikipedia.org/wiki/Ricardo_Legorreta,5/7/1931,12/30/2011,No,1988,,
Lemaresquier,Charles,,https://en.wikipedia.org/wiki/Charles_Lemaresquier,10/16/1870,1/6/1972,No,1933,,
Leonidov,Ivan,,https://en.wikipedia.org/wiki/Ivan_Leonidov,02/09/1902,11/06/1959,No,1923,,
Letchworth,,,https://en.wikipedia.org/wiki/Letchworth,,,No,1903,,
Lethaby,William,,https://en.wikipedia.org/wiki/William_Lethaby,1/18/1857,7/17/1931,No,1899,,
Lewerentz,Sigurd,,https://en.wikipedia.org/wiki/Sigurd_Lewerentz,7/29/1885,12/29/1975,No,1958,,
Libera,Adalberto,,https://en.wikipedia.org/wiki/Adalberto_Libera,7/16/1903,3/17/1963,No,1939,,
Libeskind,Daniel,,https://en.wikipedia.org/wiki/Daniel_Libeskind,5/12/1946,,Yes,2001,,
Lin,Maya,,https://en.wikipedia.org/wiki/Maya_Lin,10/5/1959,,Yes,1986,,
Lissitzky,El ,,https://en.wikipedia.org/wiki/El_Lissitzky,11/24/1890,12/30/1941,No,1919,,
Lofam,,,,,,No,1945,,
Loos,Adolf,,https://en.wikipedia.org/wiki/Adolf_Loos,12/10/1870,8/23/1933,No,1903,,
Lovins,Amory,,https://en.wikipedia.org/wiki/Amory_Lovins,11/13/1947,,No,1996,,
Lucrat,Andre,,https://en.wikipedia.org/wiki/Andr%C3%A9_Lur%C3%A7at,8/27/1894,7/11/1970,No,1929,,
Lutyens,Edwin,,https://en.wikipedia.org/wiki/Edwin_Lutyens,3/29/1869,1/1/1944,No,"1916, 1914",,
Lyyn,Greg,,https://en.wikipedia.org/wiki/Greg_Lynn,1964,,No,2002,,
MacCormac,Richard,,https://en.wikipedia.org/wiki/Richard_MacCormac,9/3/1938,7/26/2014,No,1987,,
Mackintosh,Charles,,https://en.wikipedia.org/wiki/Charles_Rennie_Mackintosh,6/7/1868,12/10/1928,No,"1904, 1905",,
Maekawa,Kunio,,https://en.wikipedia.org/wiki/Kunio_Maekawa,5/14/1905,6/26/1986,No,1957,,
Maillart,Robert,,https://en.wikipedia.org/wiki/Robert_Maillart,2/16/1872,4/5/1940,No,1900,,
Maki,Fumihiko,,https://en.wikipedia.org/wiki/Fumihiko_Maki,9/6/1928,6/6/2024,Yes,1990,,
Makim MW,,,,,,No,1900,,
Makovecz,Imre,,https://en.wikipedia.org/wiki/Imre_Makovecz,11/20/1935,9/27/2011,No,1997,,
Maldonado,Tomás,,https://en.wikipedia.org/wiki/Tom%C3%A1s_Maldonado,4/25/1922,11/26/2018,Yes,1963,,
May,Ernst,,https://en.wikipedia.org/wiki/Ernst_May,7/27/1886,9/11/1970,No,1924,,
Maybeck,Bernard,,https://en.wikipedia.org/wiki/Bernard_Maybeck,2/7/1862,10/3/1957,Yes,1908,,
McHale,John,,https://en.wikipedia.org/wiki/John_McHale_(artist),8/19/1922,11/2/1978,Yes,1972,,
Mecanoo,,,https://en.wikipedia.org/wiki/Mecanoo,1984,,No,1995,,
Meier,Richard,,https://en.wikipedia.org/wiki/Richard_Meier,10/12/1934,,Yes,"1973, 2002",,
Melnikov,Konstantin,,https://en.wikipedia.org/wiki/Konstantin_Melnikov,08/03/1890,11/28/1974,No,1926,,
Mendelsohn,Erich,,https://en.wikipedia.org/wiki/Erich_Mendelsohn,03/21/1887,09/15/1953,No,1923,,
Mewes,Charles,,https://en.wikipedia.org/wiki/Charles_Mew%C3%A8s,1/30/1858,8/9/1914,No,1910,,
Meyer,Hannes,,https://en.wikipedia.org/wiki/Hannes_Meyer,11/18/1889,7/19/1954,No,1930,,
Michelucci,Giovanni,,https://en.wikipedia.org/wiki/Giovanni_Michelucci,1/2/1891,12/31/1990,No,"1942, 1961",,
Mies van der Rohe,Ludwig ,,https://en.wikipedia.org/wiki/Ludwig_Mies_van_der_Rohe,3/27/1886,8/17/1969,No,"1921, 1956",,
Milton Keyens,,,https://en.wikipedia.org/wiki/Milton_Keynes,1/23/1967,,No,1973,,
Miralles,Enric,,https://en.wikipedia.org/wiki/Enric_Miralles,2/12/1955,7/3/2000,Yes,1991,,
Moholy-Nagy,Laszlo,,https://en.wikipedia.org/wiki/L%C3%A1szl%C3%B3_Moholy-Nagy,7/20/1895,11/24/1946,No,1930,,
Moisei,Ginzburg,,https://en.wikipedia.org/wiki/Moisei_Ginzburg,6/4/1892,1/7/1946,No,1929,,
Moneo,Rafael,,https://en.wikipedia.org/wiki/Rafael_Moneo,5/9/1937,,Yes,1992,,
Moore,Charles (Willard),,https://en.wikipedia.org/wiki/Charles_Moore_(architect),10/31/1925,12/16/1993,Yes,1970,,
Moore,Charles Herbert,,https://en.wikipedia.org/wiki/Charles_Herbert_Moore,4/10/1840,2/15/1930,Yes,,,
Morandi,Giorgio,,https://en.wikipedia.org/wiki/Giorgio_Morandi,7/20/1890,6/18/1964,No,1953,,
Moser,Karl,,https://en.wikipedia.org/wiki/Karl_Moser,8/10/1860,2/28/1936,No,1909,,
Moss,Eric Owen,,https://en.wikipedia.org/wiki/Eric_Owen_Moss,7/25/1943,,Yes,1989,,
Mozuma,,,"https://en.wikipedia.org/wiki/Mazuma,_Nevada",,,,2001,,
Muthesius,Hermann,,https://en.wikipedia.org/wiki/Hermann_Muthesius,4/20/1861,10/29/1927,No,"1907, 1913",,
Muzio,Giovanni,,https://en.wikipedia.org/wiki/Giovanni_Muzio,2/12/1893,5/21/1982,No,1936,,
Navarro,Agustin,,https://en.wikipedia.org/wiki/Agust%C3%ADn_Hern%C3%A1ndez_Navarro,2/29/1924,11/10/2022,No,1997,,
Nervi,Pier Luigi,,https://en.wikipedia.org/wiki/Pier_Luigi_Nervi,6/21/1891,1/9/1979,No,"1921, 1955",,
Neumann,Alfred,,https://en.wikipedia.org/wiki/Alfred_Neumann_(architect),1/26/1900,10/23/1968,No,1957,,
Neutra,Richard,,https://en.wikipedia.org/wiki/Richard_Neutra,4/8/1892,4/16/1970,Yes,1951,,
Niemeyer,Oscar,,https://en.wikipedia.org/wiki/Oscar_Niemeyer,12/15/1907,12/5/2012,No,"1955, 1964",,
Norberg-Schulz,Christian,,https://en.wikipedia.org/wiki/Christian_Norberg-Schulz,5/23/1926,3/28/2000,Yes,1973,,
Norton,,,,,,No,2002,,
Nouvel,Jean,,https://en.wikipedia.org/wiki/Jean_Nouvel,8/12/1945,,Yes,"1987, 1992",,
Nowicki,Maciej,,https://en.wikipedia.org/wiki/Maciej_Nowicki_(architect),06/26/1910,09/01/1950,No,1950,,
Spuybroek,Lars,,https://en.wikipedia.org/wiki/Lars_Spuybroek,9/16/1959,,No,2003,,
Olbrich,Joseph Maria,,https://en.wikipedia.org/wiki/Joseph_Maria_Olbrich,12/22/1867,9/8/1908,No,1901,,
Osa,,,https://en.wikipedia.org/wiki/OSA_Group,1925,1930,No,1926,,
Ostberg,Ragnar,,https://en.wikipedia.org/wiki/Ragnar_%C3%96stberg,7/14/1866,2/5/1945,No,1919,,
Oud,J.J.,,https://en.wikipedia.org/wiki/J._J._P._Oud,2/9/1890,4/5/1963,No,1922,,
Outram,John,,https://en.wikipedia.org/wiki/John_Outram,6/21/1934,,No,1980,,
Parker,Richard Barry,,https://en.wikipedia.org/wiki/Richard_Barry_Parker,11/18/1867,2/21/1947,No,1910,,
Pattern Language,,,https://en.wikipedia.org/wiki/A_Pattern_Language,1977,,No,1986,,
Pawson,John,,https://en.wikipedia.org/wiki/John_Pawson,1949,,Yes,1980,,
Pei,I M,,https://en.wikipedia.org/wiki/I._M._Pei,4/26/1917,5/16/2019,No,1979,,
Peichl,Gustav,,https://en.wikipedia.org/wiki/Gustav_Peichl,3/18/1928,11/17/2019,No,1977,,
Pelli,Cesar,,https://en.wikipedia.org/wiki/C%C3%A9sar_Pelli,10/12/1926,7/19/2019,Yes,"1989, 1997",,
Perrault,Dominique,,https://en.wikipedia.org/wiki/Dominique_Perrault,4/9/1953,,Yes,1993,,
Perrella,Stephen,,https://www.archpaper.com/2008/03/stephen-perrella-1956-2008/,,,No,1999,,
Perret,Auguste,,https://en.wikipedia.org/wiki/Auguste_Perret,2/12/1874,2/25/1954,No,1901,,
PESSAC,,,,,,No,1923,,
Piacentini,Marcello,,https://en.wikipedia.org/wiki/Marcello_Piacentini,12/8/1881,5/19/1960,No,1942,,
Piano,Renzo,,https://en.wikipedia.org/wiki/Renzo_Piano,9/14/1937,,No,"1962, 1992",,
Pietilä,Reima,,https://en.wikipedia.org/wiki/Reima_and_Raili_Pietil%C3%A4,8/25/1923,8/26/1993,No,1972,,
Pite,Arthur Beresford,,https://en.wikipedia.org/wiki/Arthur_Beresford_Pite,9/2/1861,11/27/1934,No,1909,,
Poelzig,Hans,,https://en.wikipedia.org/wiki/Hans_Poelzig,04/30/1869,06/14/1936,No,1914,,
Poliakov,Léon,,https://en.wikipedia.org/wiki/L%C3%A9on_Poliakov,11/25/1910,12/8/1997,Yes,1948,,
Ponti,Gio,,https://en.wikipedia.org/wiki/Gio_Ponti,11/18/1891,9/16/1979,Yes,1949,,
Porphyrios,Demetri,,https://en.wikipedia.org/wiki/Demetri_Porphyrios,1949,,No,1998,,
Predock,Antoine,,https://en.wikipedia.org/wiki/Antoine_Predock,6/24/1936,3/2/2024,Yes,1992,,
Price,Cedric,,https://en.wikipedia.org/wiki/Cedric_Price,9/11/1934,8/10/2003,Yes,1961,,
Prince,Bart,,https://en.wikipedia.org/wiki/Bart_Prince,6/24/1947,,No,1974,,
Prior,Edward Schroeder,,https://en.wikipedia.org/wiki/Edward_Schroeder_Prior,1/4/1812,8/19/1932,No,1908,,
PRix,Wolf Dieter,,https://en.wikipedia.org/wiki/Wolf_Dieter_Prix,12/13/1942,,No,1993,,
Prouvé,Jean,,https://en.wikipedia.org/wiki/Jean_Prouv%C3%A9,4/18/1901,3/23/1984,No,1960,,
Radburn,,,https://en.wikipedia.org/wiki/Radburn_design_housing,,,No,1930,,
Rainer,Arnulf,,https://en.wikipedia.org/wiki/Arnulf_Rainer,12/8/1929,,No,1953,,
Raymond,Antonin,,https://en.wikipedia.org/wiki/Antonin_Raymond,5/10/1888,10/25/1976,Yes,1934,,
Reidy,Affonso Eduardo,,https://en.wikipedia.org/wiki/Affonso_Eduardo_Reidy,10/26/1909,8/10/1964,Yes,1951,,
Rewal,Raj,,https://en.wikipedia.org/wiki/Raj_Rewal,11/24/1934,,Yes,1994,,
Bosco,Ricardo Velázquez,,https://en.wikipedia.org/wiki/Ricardo_Vel%C3%A1zquez_Bosco,3/21/1843,7/31/1923,No,1898,,
Rickards,Edwin Alfred,,https://en.wikipedia.org/wiki/E._A._Rickards,6/?/1872,8/29/1920,No,1900,,
Rietveld,Gerrit,,https://en.wikipedia.org/wiki/Gerrit_Rietveld,6/24/1888,6/25/1964,No,1926,,
Rimpl,Herbert,,https://de.wikipedia.org/wiki/Herbert_Rimpl,1/25/1902,6/2/1978,No,1935,,
Ritchie,Ian,,https://en.wikipedia.org/wiki/Ian_Ritchie_(architect),6/24/1947,,Yes,1993,,
Roche,Kevin,,https://en.wikipedia.org/wiki/Kevin_Roche,6/14/1922,3/1/2019,Yes,"1968, 1976",,
Rodchenko,Alexander,,https://en.wikipedia.org/wiki/Alexander_Rodchenko,12/05/1891,12/03/1956,No,1918,,
Rogers,Richard,,https://en.wikipedia.org/wiki/Richard_Rogers,7/23/1933,12/18/2021,No,"1971, 1993, 2001",,
Ronchamp,,,https://en.wikipedia.org/wiki/Ronchamp,,,No,1958,,
Rossi,Aldo,,https://en.wikipedia.org/wiki/Aldo_Rossi,5/3/1931,9/4/1997,Yes,"1976, 1985",,
Rowe,Colin,,https://en.wikipedia.org/wiki/Colin_Rowe,3/27/1920,11/5/1999,Yes,1980,,
Rudolph,Paul,,https://en.wikipedia.org/wiki/Paul_Rudolph_(architect),10/23/1918,8/8/1997,Yes,1953,,
"S,M,L,XL",,,"https://en.wikipedia.org/wiki/S,M,L,XL",10/31/1995,,No,1991,,
Saarinen,Eero,,https://en.wikipedia.org/wiki/Eero_Saarinen,8/20/1910,9/1/1961,Yes,"1952, 1956",,
Saarinen,Eliel,,https://en.wikipedia.org/wiki/Eliel_Saarinen,8/20/1873,7/1/1950,No,"1900, 1913",,
Sagebiel,Ernst,,https://en.wikipedia.org/wiki/Ernst_Sagebiel,10/2/1892,3/5/1970,No,1941,,
Sant-Elia,Antonio,,https://en.wikipedia.org/wiki/Antonio_Sant%27Elia,04/30/1888,10/10/1916,No,1914,,
Sartoris,Alberto,,https://fr.wikipedia.org/wiki/Alberto_Sartoris,2/2/1901,3/8/1998,No,1936,,
Sauvage,Henri,,https://en.wikipedia.org/wiki/Henri_Sauvage,05/10/1873,03/21/1932,No,1908,,
Scarpa,Carlo,,https://en.wikipedia.org/wiki/Carlo_Scarpa,6/2/1906,11/28/1978,Yes,1974,,
Scharoun,Hans,,https://en.wikipedia.org/wiki/Hans_Scharoun,9/20/1893,11/25/1972,Yes,1961,,
Scheerbart,Paul,,https://en.wikipedia.org/wiki/Paul_Scheerbart,01/08/1863,10/15/1915,No,1917,,
Schenzen,,,,,,No,1990,,
Schindler,Rudolph,,https://en.wikipedia.org/wiki/Rudolph_Schindler_(architect),09/10/1887,08/22/1953,No,1929,,
Schoeffer,Nicolas,,https://en.wikipedia.org/wiki/Nicolas_Sch%C3%B6ffer,6 September 1912,8 January 1992,No,1955,,
Schultes,Axel ,,https://de.wikipedia.org/wiki/Axel_Schultes,11/17/1943,,No,1993,,
Schultze-Naumburg,Paul,,https://en.wikipedia.org/wiki/Paul_Schultze-Naumburg,6/10/1869,5/19/1949,No,1930,,
Scogin,Mack,,https://msmearch.com/category/date/1980-1989,,,No,1980,,
Scott,Baillie,,https://en.wikipedia.org/wiki/Baillie_Scott,10/23/1865,2/10/1945,Yes,1906,,
Scully,Vincent,,https://en.wikipedia.org/wiki/Vincent_Scully,8/21/1920,11/30/2017,Yes,1970,,
Seifert,Richard,,https://en.wikipedia.org/wiki/Richard_Seifert,11/25/1910,10/26/2001,No,1970,,
Sejima,Kazuyo,,https://en.wikipedia.org/wiki/Kazuyo_Sejima,10/29/1956,,Yes,2000,,
Shaw,George R. ,,https://en.wikipedia.org/wiki/George_R._Shaw,10/28/1848,1/15/1937,Yes,1905,,
Shchusev,Alexey,,https://en.wikipedia.org/wiki/Alexey_Shchusev,10/8/1873,5/24/1949,No,1945,,
Shinohara,Kazuo,,https://en.wikipedia.org/wiki/Kazuo_Shinohara,4/2/1925,7/15/2006,Yes,1970,,
Simpson,John,,https://en.wikipedia.org/wiki/John_Simpson_(architect),11/9/1954,,Yes,2000,,
Simpson,John William,,https://en.wikipedia.org/wiki/John_William_Simpson,9/9/1858,3/30/1933,No,,,
Siza Vieria,Alvaro,,https://en.wikipedia.org/wiki/%C3%81lvaro_Siza_Vieira,6/25/1933,,No,1990,,
Soleri,Paolo,,https://en.wikipedia.org/wiki/Paolo_Soleri,6/21/1919,4/9/2013,Yes,1955,,
Sommaruga,Giuseppe,,https://en.wikipedia.org/wiki/Giuseppe_Sommaruga,1867,1917,No,1900,,
Soto,Jesús Rafael,,https://en.wikipedia.org/wiki/Jes%C3%BAs_Rafael_Soto,6/5/1923,1/17/2005,No,1947,,
Sottsass,Ettore,,https://en.wikipedia.org/wiki/Ettore_Sottsass,9/14/1917,12/31/2007,Yes,1985,,
Speer,Albert,,https://en.wikipedia.org/wiki/Albert_Speer,3/19/1905,9/1/1981,Yes,1935,,
Stam,Mart,,https://en.wikipedia.org/wiki/Mart_Stam,8/5/1899,2/21/1986,No,1935,,
Steiner,Rudolf,,https://en.wikipedia.org/wiki/Rudolf_Steiner,02/25/1861,03/30/1925,Yes,1925,,
Stern,Robert A. M. ,,https://en.wikipedia.org/wiki/Robert_A._M._Stern,5/23/1939,,Yes,"1970, 1985",,
Stirling,James,,https://en.wikipedia.org/wiki/James_Stirling_(architect),4/22/1926,6/25/1992,Yes,"1970, 1985",,
Stone,Edward Durell,,https://en.wikipedia.org/wiki/Edward_Durell_Stone,3/9/1902,8/6/1978,No,1963,,
Sullivan,Louis,,https://en.wikipedia.org/wiki/Louis_Sullivan,9/3/1856,4/14/1924,Yes,1900,,
Takamatsu,Shin,,https://en.wikipedia.org/wiki/Shin_Takamatsu,8/5/1948,,No,1990,,
Tange,Kenzo,,https://en.wikipedia.org/wiki/Kenz%C5%8D_Tange,9/4/1913,3/22/2005,Yes,2000,,
Tange,Kenzō,,https://en.wikipedia.org/wiki/Kenz%C5%8D_Tange,9/4/1913,3/22/2005,Yes,"1960, 1970",,
Tatlin,Vladimir,,https://en.wikipedia.org/wiki/Vladimir_Tatlin,12/28/1885,05/31/1953,No,1920,,
Taut,Bruno,,https://en.wikipedia.org/wiki/Bruno_Taut,04/04/1880,12/24/1938,Yes,"1910, 1930",,
Teague,Walter Dorwin,,https://en.wikipedia.org/wiki/Walter_Dorwin_Teague,12/18/1883,12/5/1960,Yes,1938,,
Terragni,Giuseppe,,https://en.wikipedia.org/wiki/Giuseppe_Terragni,4/18/1904,7/19/1943,No,1930,,
Terry,Quinlan,,https://en.wikipedia.org/wiki/Quinlan_Terry,7/24/1937,,Yes,1980,,
Tigerman,Stanley,,https://en.wikipedia.org/wiki/Stanley_Tigerman,9/20/1930,6/3/2019,No,1990,,
Torroja,Eduardo,,https://en.wikipedia.org/wiki/Eduardo_Torroja,8/27/1899,6/15/1961,No,1937,,
Troost,Paul,,https://en.wikipedia.org/wiki/Paul_Troost,8/17/1878,1/21/1934,No,1937,,
Tschumi,Bernard,,https://en.wikipedia.org/wiki/Bernard_Tschumi,1/25/1944,,Yes,1990,,
Tufaroli,Mario,,-,-,-,No,,,
Ungers,Oswald,,https://en.wikipedia.org/wiki/Oswald_Mathias_Ungers,7/12/1926,9/30/2007,No,1980,,
Unwin,Raymond,,https://en.wikipedia.org/wiki/Raymond_Unwin,11/2/1863,6/29/1940,No,1914,,
Utzon,Born,,https://en.wikipedia.org/wiki/J%C3%B8rn_Utzon,9 April 1918,29 November 2008,No,1970,,
Utzon,Jørn,,https://en.wikipedia.org/wiki/J%C3%B8rn_Utzon,4/9/1918,11/29/2008,No,1958,,
Valle,Gino,,https://it.wikipedia.org/wiki/Gino_Valle,12/7/1923,9/30/2003,No,1965,,
Van Alen,William,,https://en.wikipedia.org/wiki/William_Van_Alen,8/10/1883,5/24/1954,No,1930,,
van de Velde,Henry,,https://en.wikipedia.org/wiki/Henry_van_de_Velde,4/3/1863,10/15/1957,No,1910,,
van Doesburg,Theo,,https://en.wikipedia.org/wiki/Theo_van_Doesburg,8/30/1883,3/7/1931,No,1920,,
van Eyck,Aldo,,https://en.wikipedia.org/wiki/Aldo_van_Eyck,3/16/1918,1/14/1999,No,1965,,
Vandenhove,Charles,,https://en.wikipedia.org/wiki/Charles_Vandenhove,7/3/1927,1/22/2019,No,1990,,
Venturi,Robert,,https://en.wikipedia.org/wiki/Robert_Venturi,6/25/1925,9/18/2018,Yes,1970,,
Vesnin,Viktor,,https://en.wikipedia.org/wiki/Viktor_Vesnin,04/09/1882,09/17/1950,No,1925,,
Vinoly,Rafael,,https://en.wikipedia.org/wiki/Rafael_Vi%C3%B1oly,6/1/1944,3/2/2023,No,2000,,
von Gerkan,Meinhard,,https://en.wikipedia.org/wiki/Meinhard_von_Gerkan,1/3/1935,11/30/2022,Yes,1990,,
Voysey,C.F.A.,,https://en.wikipedia.org/wiki/C._F._A._Voysey,5/28/1857,2/12/1941,Yes,1905,,
Wachsmann,Konrad,,https://en.wikipedia.org/wiki/Konrad_Wachsmann,5/16/1901,11/25/1980,No,,,
Wagner,Otto,,https://en.wikipedia.org/wiki/Otto_Wagner,7/13/1841,4/11/1918,No,1900,,
Webb,Philip,,https://en.wikipedia.org/wiki/Philip_Webb,1/12/1831,4/17/1915,No,1915,,
Wilford,Michael ,,https://en.wikipedia.org/wiki/Michael_Wilford,9/9/1938,3/10/2023,No,1990,,
Williams,William Carlos,,https://en.wikipedia.org/wiki/William_Carlos_Williams,9/17/1883,3/4/1963,Yes,1933,,
Wood ,Cecil,,https://en.wikipedia.org/wiki/Cecil_Wood_(architect),6/6/1878,11/28/1947,No,1905,,
Woods,Lebbeus,,https://en.wikipedia.org/wiki/Lebbeus_Woods,5/31/1940,10/30/2012,Yes,1966,,
Wright,Frank Lloyd,,https://en.wikipedia.org/wiki/Frank_Lloyd_Wright,6/8/1867,4/9/1959,Yes,"1905, 1932, 1950",,
Yamasaki,Minoru,,https://en.wikipedia.org/wiki/Minoru_Yamasaki,12/1/1912,2/6/1986,No,1966,,
Yeang,Ken,,https://en.wikipedia.org/wiki/Ken_Yeang,10/6/1948,,Yes,"1995, 2000",,
Zevi,Bruno,,https://en.wikipedia.org/wiki/Bruno_Zevi,1/22/1918,1/9/2000,Yes,1956,,
Zholtovsky,Ivan,,https://en.wikipedia.org/wiki/Ivan_Zholtovsky,11/27/1867,7/16/1959,No,1945,,
Zumthor,Peter,,https://en.wikipedia.org/wiki/Peter_Zumthor,4/26/1943,,Yes,2002,,